label;palm_normal_x;palm_normal_y;palm_normal_z;digit_0_diff_x;digit_0_diff_y;digit_0_diff_z;digit_1_diff_x;digit_1_diff_y;digit_1_diff_z;digit_2_diff_x;digit_2_diff_y;digit_2_diff_z;digit_3_diff_x;digit_3_diff_y;digit_3_diff_z;digit_4_diff_x;digit_4_diff_y;digit_4_diff_z;digit_0_distance;digit_1_distance;digit_2_distance;digit_3_distance;digit_4_distance
0;0.5452488660812378;-0.8015461564064026;-0.245412677526474;22.780461311340332;-35.47381591796875;-13.529759407043457;25.688559532165527;-8.334564208984375;6.063223533332348;14.377094268798828;-15.161239624023438;11.480335235595703;9.325296401977539;-27.044830322265625;2.4468424320220947;2.5829620361328125;-32.63291931152344;1.665116310119629;44.276352864163144;27.679048592869858;23.84034655101823;28.711862322601387;32.77730507529149
0;0.4822653830051422;-0.8421952128410339;-0.24109607934951782;12.636289596557617;-39.63471984863281;-8.308073997497559;22.7175931930542;-7.4467620849609375;6.68574059009552;9.809900283813477;-11.911224365234375;14.46939468383789;6.8580322265625;-25.753494262695312;6.880339503288269;-0.5401229858398438;-30.657913208007812;6.990370035171509;42.42182133991388;24.824230769012058;21.153599976694107;27.524791451339993;31.449398219015194
0;0.4622078537940979;-0.8525163531303406;-0.24408961832523346;11.638603210449219;-38.69276428222656;-8.753179550170898;22.123337745666504;-7.8824920654296875;6.395508646965027;9.793647766113281;-12.493667602539062;14.067328453063965;5.8583984375;-25.6932373046875;7.188909888267517;-1.0371627807617188;-30.265304565429688;7.834016054868698;41.34253553820516;24.34087683350373;21.210775481717135;27.31563107140522;31.27996442804814
0;0.4138123393058777;-0.8843719363212585;-0.21597592532634735;11.163198471069336;-38.33575439453125;-9.807949542999268;20.633599281311035;-8.381210327148438;6.849003195762634;8.388238906860352;-13.328643798828125;12.963022708892822;3.9679489135742188;-25.359634399414062;6.711003422737122;-3.1007652282714844;-29.257476806640625;7.996793508529663;41.11499652608919;23.300192072710164;20.397432564562536;26.530986457210165;30.48874219298057
0;0.3840990364551544;-0.9049487709999084;-0.1831274777650833;9.363337516784668;-40.376373291015625;-8.850175619125366;20.568618535995483;-8.287734985351562;8.091597318649292;7.338187217712402;-13.212203979492188;13.347509622573853;3.274059295654297;-25.052383422851562;6.73264741897583;-4.3154449462890625;-28.396942138671875;8.271040201187134;42.38218043090785;23.605689289531234;20.163515039858712;26.1470824511124;29.890123685277448
0;0.4233952462673187;-0.8857904672622681;-0.19003088772296906;9.571853518486023;-42.96923828125;-7.5769336223602295;21.890101432800293;-8.773666381835938;7.8655383586883545;8.832513570785522;-13.267593383789062;13.710434198379517;6.0088701248168945;-25.914291381835938;6.88434624671936;-2.4751882553100586;-30.130691528320312;6.738835573196411;44.66974078017295;24.860017220228176;21.02423211638818;27.478195742157677;30.974134915386994
0;0.46101635694503784;-0.8568248152732849;-0.23090076446533203;11.344628810882568;-40.84088134765625;-7.973769426345825;23.680291175842285;-9.523101806640625;6.923719167709351;9.433885097503662;-13.184646606445312;13.851275205612183;6.8964760303497314;-26.60528564453125;5.802125692367554;-1.1794986724853516;-31.70135498046875;4.468545913696289;43.13072212442739;26.445860645961623;21.323482806318445;28.090341194337967;32.03646402615147
0;0.45837122201919556;-0.8447057604789734;-0.27634763717651367;13.384756565093994;-36.471649169921875;-10.089243173599243;23.538860321044922;-10.76611328125;5.4960620403289795;10.112843036651611;-14.05145263671875;12.833256483078003;5.922971723601222;-26.926956176757812;4.243781566619873;-1.1892399787902832;-32.367950439453125;3.070162057876587;40.138830691696896;26.46117605756622;21.550066994011107;27.895380351749964;32.53497199076206
0;0.46240371465682983;-0.8202953338623047;-0.3365981876850128;17.04322385787964;-33.658203125;-12.111772060394287;24.076731204986572;-11.525146484375;4.092494010925293;11.653082847595215;-15.53009033203125;10.529835224151611;5.691956102848053;-27.477294921875;1.291446752846241;-0.8406810760498047;-33.20941162109375;-0.04294884204864502;39.623744642783386;27.004934627451608;22.08745063201619;28.090353063211648;33.22007840890654
0;0.453635573387146;-0.8276707530021667;-0.33041778206825256;17.407228469848633;-34.80427551269531;-11.663074374198914;24.02160358428955;-11.914764404296875;4.253800272941589;11.408068656921387;-15.833984375;10.53412926197052;5.183133363723755;-27.796295166015625;1.2798259258270264;-1.3786041736602783;-33.37548828125;-0.318172812461853;40.624826163606;27.149472671356442;22.177172294426533;28.304360985947532;33.40546364620733
0;0.42045825719833374;-0.8551957011222839;-0.3030761778354645;12.380033880472183;-37.8404541015625;-10.091418594121933;22.517304807901382;-12.44482421875;5.334463268518448;9.021367460489273;-15.352294921875;12.269101768732071;4.069127470254898;-27.483154296875;3.7251674234867096;-2.9887493550777435;-32.57316589355469;2.56931009888649;41.07312910816374;26.27468675380732;21.624266194183516;28.031383141187103;32.81074691958036
0;0.4176984429359436;-0.8726061582565308;-0.25315311551094055;9.326382160186768;-44.42347717285156;-8.778264284133911;21.75311803817749;-12.32757568359375;6.912801742553711;7.542067050933838;-15.5250244140625;13.244000434875488;3.4134674072265625;-28.479278564453125;4.832632064819336;-4.054577469825745;-32.826080322265625;2.880599021911621;46.23293903881533;25.941358764518647;21.755751101191624;29.087375267731485;33.20073792113198
0;0.4645008146762848;-0.8624395728111267;-0.20108948647975922;6.742854118347168;-48.75164794921875;-7.6810407638549805;20.165549278259277;-11.0885009765625;10.535982131958008;8.481677055358887;-14.94384765625;16.674348831176758;2.8401427268981934;-29.622695922851562;5.290628433227539;-4.191233638674021;-33.89610290527344;1.926025390625;49.81152122392849;25.31029733302375;23.943503030851097;30.225176156068223;34.208504869172096
0;0.4192829728126526;-0.905730128288269;-0.06208648532629013;-0.49410104751586914;-50.96839904785156;-8.195326089859009;13.741841554641724;-11.812759399414062;15.918334007263184;2.9795548915863037;-15.278396606445312;15.560194969177246;-1.3889262676239014;-28.231658935546875;7.418734550476074;-6.780195951461792;-33.42506408691406;0.6591644287109375;51.625431785751836;24.119967900229778;22.00969826450659;29.22316383898853;34.112174719572025
0;0.29099178314208984;-0.9565613269805908;-0.017724554985761642;-2.2422399520874023;-47.93901062011719;-9.635756969451904;5.957164764404297;-12.926101684570312;17.15180253982544;-2.7535791397094727;-15.624786376953125;13.244322299957275;-6.654538154602051;-25.794158935546875;6.166911602020264;-11.082813262939453;-28.2835693359375;0.04349994659423828;48.9492001120834;22.28802923444049;20.667080601507525;27.34323155646456;30.377474161742356
0;0.28795257210731506;-0.9575185179710388;0.015542833134531975;8.463568568229675;-50.32720947265625;-0.681891679763794;1.9909052848815918;-13.37579345703125;17.619189739227295;-3.9489078521728516;-19.13775634765625;11.929818630218506;-4.240138053894043;-29.469879150390625;1.4349040985107422;-7.989745140075684;-30.015533447265625;-4.8267247676849365;51.038465714367604;22.210614613860233;22.894719124661;29.80790998420774;31.43350994576119
0;0.2180747240781784;-0.975785493850708;0.016913902014493942;14.235899209976196;-43.53436279296875;7.886548042297363;-2.2665605545043945;-15.696548461914062;17.84072208404541;-3.92755126953125;-22.948562622070312;7.400790214538574;-1.675358772277832;-31.52984619140625;-6.055920600891113;-6.217557907104492;-29.1673583984375;-12.52760934829712;46.47686747329134;23.87069950471912;24.430183814156806;32.149839847095365;32.34708361281804
0;0.1453293114900589;-0.9893748760223389;-0.004089337307959795;14.56118369102478;-42.91426086425781;9.85183334350586;-7.833349227905273;-16.116775512695312;16.058753967285156;-7.843090057373047;-22.2608642578125;4.516254425048828;-3.9265480041503906;-30.295761108398438;-8.345932483673096;-8.360219955444336;-25.776199340820312;-13.928780555725098;46.375860921793674;24.062323080590872;24.0303286116647;31.668683417345825;30.4682893830727
0;0.0713738426566124;-0.9974005222320557;-0.009895731694996357;14.546382904052734;-39.32414245605469;12.602543830871582;-10.439693450927734;-16.217330932617188;15.08166790008545;-9.552867889404297;-22.419418334960938;3.292935371398926;-4.015783309936523;-30.163284301757812;-9.062223672866821;-8.835721969604492;-23.800430297851562;-14.346219062805176;43.78138356087482;24.4835807956237;24.591279485838157;31.750183201961242;29.160666427313295
0;0.1675545573234558;-0.9855337142944336;0.025470884516835213;18.597949028015137;-37.45930480957031;9.77754020690918;-3.7654056549072266;-17.986785888671875;13.932520389556885;-5.924983978271484;-22.406356811523438;6.429245233535767;-2.2003517150878906;-31.58758544921875;-7.480560779571533;-6.90576171875;-26.833099365234375;-12.013442516326904;42.94977901413082;23.061176699300304;24.05172457394727;32.535763273030035;30.199794164096307
0;0.41227370500564575;-0.9104946255683899;0.032093390822410583;30.28864097595215;-40.04376220703125;7.905402183532715;11.916183471679688;-17.347976684570312;14.809101581573486;4.495914459228516;-22.767303466796875;14.367717266082764;5.291679382324219;-32.259124755859375;-4.508003234863281;0.7359046936035156;-30.311294555664062;-8.918710708618164;50.82715856259127;25.73435861319434;27.29459018582279;32.999622632159785;31.604739107645198
0;0.5061984658241272;-0.8617097735404968;-0.034920062869787216;35.32032012939453;-40.11540222167969;0.0734405517578125;18.789791107177734;-15.270477294921875;13.922459244728088;7.8385162353515625;-19.600143432617188;16.47095227241516;6.911415100097656;-32.01600646972656;-1.5073013305664062;4.595485687255859;-32.01268005371094;-8.979276657104492;53.44881573023577;27.929887183574778;26.774992588443695;32.788172963075546;33.564230695903895
0;0.48920688033103943;-0.8513396382331848;-0.18946631252765656;31.969446182250977;-43.397308349609375;-7.743290901184082;23.9591121673584;-14.484649658203125;7.192675828933716;11.99032211303711;-15.448471069335938;18.389307975769043;1.0027008056640625;-32.96537780761719;4.305595397949219;-3.1158218383789062;-34.045318603515625;4.150516986846924;54.45484749011127;28.90637848553624;26.84380246131645;33.26048247749062;34.43862447603723
0;0.42261260747909546;-0.8140276670455933;-0.39844387769699097;33.367204666137695;-27.137420654296875;-25.82306671142578;28.678438186645508;-12.78369140625;-1.4140863418579102;18.593761444091797;-15.280609130859375;13.330770492553711;4.575672149658203;-28.949386596679688;4.685774803161621;1.4002914428710938;-32.78193664550781;4.960004806518555;50.16613121801328;31.430482385380383;27.51244122165531;29.68097446936538;33.18460236368297
0;0.2040618509054184;-0.8889023065567017;-0.410135954618454;23.383832931518555;-17.575973510742188;-37.47560691833496;25.529603004455566;-16.013885498046875;-4.68354606628418;16.326509475708008;-16.528366088867188;8.879632949829102;4.113822937011719;-26.359970092773438;4.159566879272461;-1.2698135375976562;-32.82951354980469;8.874174118041992;47.54092554123277;30.49820916159945;24.871463136528355;27.001362170678245;34.03146121773795
0;0.19963377714157104;-0.9089444279670715;-0.36601415276527405;17.21280574798584;-16.946304321289062;-39.80084943771362;24.720104217529297;-16.4674072265625;-6.542261123657227;17.758687257766724;-15.136734008789062;6.957012176513672;6.255840301513672;-25.460784912109375;6.5288238525390625;0.19007110595703125;-33.1363525390625;12.429309844970703;46.55712112911604;30.414802874604813;24.34936771245112;27.018746216584923;35.391266293262795
0;0.14756359159946442;-0.9222081303596497;-0.3574313521385193;14.40656042098999;-17.395401000976562;-43.4161376953125;20.757018566131592;-16.0263671875;-10.415355682373047;18.999637126922607;-16.225418090820312;4.6855926513671875;7.915259838104248;-27.084030151367188;7.172370910644531;-0.7423326969146729;-35.4075927734375;13.741752624511719;48.93986076325459;28.216624514169812;25.420566116261085;29.114239334468845;37.987951366660546
0;-0.1422155350446701;-0.9634423851966858;-0.2270539253950119;-44.54685401916504;-27.738311767578125;15.59975814819336;-3.7851390838623047;-23.9605712890625;7.360048294067383;5.840763092041016;-22.091812133789062;3.811403274536133;9.573686599731445;-24.759521484375;-7.276117324829102;18.82232093811035;-24.6904296875;-15.778440713882446;54.74658525426302;25.349685703642013;23.166559342576594;27.525102407979936;34.82608612824748
0;-0.07875595986843109;-0.9948692321777344;-0.06350347399711609;-38.11622619628906;-27.19110107421875;23.46657156944275;0.5568351745605469;-19.260833740234375;12.630470037460327;8.323863983154297;-16.5130615234375;9.013808012008667;11.743118286132812;-22.071807861328125;-1.7297799587249756;22.912548065185547;-23.353424072265625;-11.579518556594849;52.372537252827755;23.03949988927194;20.57223000465037;25.061078748830813;34.70522330631281
0;-0.11243031919002533;-0.9900978803634644;-0.08405736833810806;-40.61830711364746;-26.886810302734375;20.63700580596924;-1.4599475860595703;-20.138565063476562;11.284760475158691;6.677850723266602;-18.063827514648438;7.806846618652344;9.797418594360352;-22.465606689453125;-2.731325149536133;22.501394271850586;-23.830902099609375;-11.283857345581055;52.902111958497606;23.130911541736175;20.780818292078052;24.660758952449285;34.663382345839544
0;-0.06551848351955414;-0.9854224920272827;-0.15700265765190125;-45.59406661987305;-28.82330322265625;8.07717514038086;-5.590240478515625;-24.571456909179688;8.039653778076172;4.610771179199219;-20.580245971679688;7.028741836547852;12.318214416503906;-22.97021484375;-4.498096466064453;25.862125396728516;-20.75732421875;-8.222206115722656;54.54211655089115;26.450771559987494;22.23081075729381;26.449991459299547;34.16607545750379
0;-0.05852003023028374;-0.9732159972190857;-0.22231973707675934;-46.85014343261719;-23.495071411132812;-5.21722412109375;-8.022624015808105;-26.3851318359375;7.090520858764648;6.982421875;-17.974044799804688;11.040709495544434;16.50426483154297;-21.61236572265625;-0.9638805389404297;30.785511016845703;-17.972564697265625;-1.1831283569335938;52.67042574159389;28.474781195777435;22.219760751881857;27.210552648796035;35.667359911755554
0;0.022719725966453552;-0.9794409871101379;-0.2004474252462387;-44.987850189208984;-18.674758911132812;-22.22187900543213;-12.970193862915039;-24.797744750976562;2.6814088821411133;0.7238092422485352;-17.6484375;12.736445188522339;13.341232299804688;-20.785186767578125;7.3531365394592285;28.195880889892578;-15.993850708007812;11.552626013755798;53.539379820536865;28.113057947676378;21.77632388744263;25.76977076359794;34.41328417109821
0;-0.07844812422990799;-0.9653087854385376;-0.2490478754043579;-37.84361457824707;-22.231369018554688;-33.87096154689789;-20.972219467163086;-22.5858154296875;-3.476920008659363;-8.311899185180664;-20.127334594726562;11.13229238986969;4.341594219207764;-25.413131713867188;8.059479355812073;16.141761779785156;-23.680404663085938;14.727468132972717;55.440192720602106;31.01680223281214;24.45659828770621;27.01169952737853;32.221364899249096
0;-0.08024470508098602;-0.9369217753410339;-0.3402034044265747;-27.510401248931885;-15.077377319335938;-43.49366331100464;-18.761066913604736;-23.657058715820312;-16.305059909820557;-8.426914691925049;-25.366363525390625;2.2350306510925293;5.050825119018555;-30.131179809570312;-1.5272386074066162;14.682375431060791;-30.563720703125;5.836142063140869;53.6269356939019;34.31456013827602;26.822763685693786;30.589725217195394;34.4060129294054
0;0.023788321763277054;-0.9531095027923584;-0.3016892373561859;-24.202882766723633;-17.117630004882812;-42.851067781448364;-15.97209358215332;-25.644119262695312;-14.497829675674438;-5.487984657287598;-26.238601684570312;4.908423662185669;6.849605023860931;-29.16204833984375;1.7668192386627197;16.83876895904541;-28.996627807617188;6.894562482833862;52.105727144087666;33.509934220485576;27.252060780932958;30.007729047370333;34.23278481367372
0;0.0742398351430893;-0.9711001515388489;-0.22683247923851013;-23.478363752365112;-20.508285522460938;-41.3936764895916;-14.605295896530151;-26.904037475585938;-13.165602415800095;-5.053678274154663;-26.1544189453125;6.421459466218948;7.553807258605957;-27.664093017578125;5.849839478731155;17.6030056476593;-26.120407104492188;11.703671723604202;51.819492402802645;33.323790115829475;27.401248806247448;29.26743358260687;33.6023422836835
0;0.10030455142259598;-0.9678526520729065;-0.2306518256664276;-23.58311641216278;-22.760543823242188;-38.97073316574097;-14.69886863231659;-26.171890258789062;-11.420599460601807;-5.620316863059998;-26.039352416992188;6.079391956329346;8.336877465248108;-26.854385375976562;6.850630283355713;18.29563343524933;-24.647262573242188;13.301358699798584;50.92075979710763;32.116268009027706;27.32388776320448;28.941193394040543;33.45360815236625
0;0.06053942069411278;-0.9725248217582703;-0.2247897982597351;-30.020430207252502;-23.155227661132812;-33.65653610229492;-16.441580414772034;-23.897384643554688;-9.90122252702713;-7.342097878456116;-24.217819213867188;6.4739179611206055;6.885221362113953;-26.13067626953125;7.400613784790039;17.59832799434662;-23.279953002929688;15.024311065673828;50.69667859211775;30.65036324200952;26.121270690755157;28.017630162095763;32.82357815676633
0;-0.0730937048792839;-0.9888413548469543;-0.12980781495571136;-33.942414581775665;-29.630355834960938;-20.159120559692383;-17.303366959095;-20.209548950195312;-4.222739219665527;-8.511979401111603;-20.807830810546875;9.358187675476074;4.469094932079315;-25.52996826171875;8.50875186920166;17.440392196178436;-22.400375366210938;16.770535469055176;49.36026373802872;26.938149591401828;24.351494675578426;27.279130252409928;32.9726395125187
0;-0.16988953948020935;-0.9842939376831055;0.047989219427108765;-31.888847708702087;-34.47267150878906;-5.806533336639404;-16.010260939598083;-16.120285034179688;5.710155487060547;-5.6971529722213745;-14.665145874023438;15.046420097351074;5.235225796699524;-23.96697998046875;9.617208480834961;21.19174349308014;-21.778411865234375;17.80283832550049;47.31785623346831;23.42643636201685;21.7696764615657;26.349846631251232;35.218322902889554
0;-0.1579320728778839;-0.9358254075050354;0.3151003420352936;-29.503929376602173;-38.596832275390625;14.870178937911987;-11.762291193008423;-7.1536712646484375;17.299364805221558;-2.8386642932891846;-6.2559814453125;19.441078901290894;4.259578049182892;-18.459320068359375;13.532524824142456;22.70692229270935;-20.430557250976562;15.805672407150269;50.8066878668516;22.10869804705647;20.61918688164757;23.281317201980812;34.392314109910124
0;-0.006788805592805147;-0.9550319314002991;0.2964251637458801;-17.4378662109375;-39.87986755371094;9.772541046142578;-7.994453430175781;-11.660171508789062;18.34512186050415;2.1945977210998535;-8.100997924804688;17.77685785293579;11.38660478591919;-17.710983276367188;10.958308696746826;26.69500160217285;-18.199752807617188;11.274353504180908;44.6092543379804;23.160621350438177;19.658563061898278;23.736432475409465;34.21936819603216
0;0.0310788843780756;-0.9629640579223633;0.2678327262401581;-15.609355449676514;-40.413116455078125;6.817862689495087;-4.380939960479736;-12.430694580078125;19.18868637084961;5.953660607337952;-8.257904052734375;16.19523048400879;14.623082637786865;-15.57611083984375;9.690380096435547;28.780510425567627;-15.10198974609375;8.789560079574585;43.85607381901464;23.279185709971504;19.129154304404103;23.459608716686557;33.669633812083234
0;0.027836594730615616;-0.9877417087554932;0.15359506011009216;-19.620206713676453;-36.51976013183594;3.8236531019210815;-5.2692378759384155;-16.5333251953125;15.697399139404297;6.459832787513733;-10.91522216796875;14.427932739257812;15.34311306476593;-17.011260986328125;6.180508732795715;30.082021832466125;-14.680206298828125;5.743300437927246;41.63250790689961;23.399231815359876;19.21032945441856;23.72746946177203;33.96206699282917
0;-0.017279211431741714;-0.9870973825454712;0.15918591618537903;-21.79224419593811;-36.55918884277344;3.6324719190597534;-7.711249113082886;-17.713714599609375;15.717905521392822;5.633188009262085;-12.017044067382812;14.582013607025146;13.819929838180542;-18.403579711914062;6.281062126159668;28.670055150985718;-15.999984741210938;6.402723789215088;42.71616846323796;24.905654012289396;19.717435839900205;23.85652842258666;33.450955830895566
0;-0.061865732073783875;-0.9906256794929504;0.1217925101518631;-21.646552860736847;-36.813690185546875;0.906496524810791;-9.746638119220734;-19.15936279296875;12.451600074768066;2.3993720412254333;-13.89251708984375;15.504456520080566;11.60392302274704;-19.72528076171875;7.881958961486816;27.32221430540085;-17.612518310546875;8.424481391906738;42.71583748189422;24.841909783299794;20.955839025600568;24.204607158907432;33.58088864982853
0;-0.0728880763053894;-0.9962605834007263;0.04639165475964546;-22.75637912750244;-33.347381591796875;-3.106825590133667;-11.084107398986816;-20.436264038085938;7.930545330047607;0.2191619873046875;-15.803466796875;15.09389352798462;9.987732291221619;-20.944442749023438;7.94249963760376;26.96822452545166;-18.422927856445312;10.331541538238525;40.49139433597034;24.56403618908299;21.85459257480555;24.525655523992977;34.255366811863354
0;-0.06911015510559082;-0.9938181042671204;-0.08688689768314362;-27.77503252029419;-25.310211181640625;-9.616767168045044;-11.878685474395752;-21.843093872070312;2.093581438064575;-1.6316328048706055;-18.2896728515625;13.131626844406128;11.234596729278564;-23.009674072265625;5.466310262680054;26.876065731048584;-20.408432006835938;10.876768827438354;38.78841879127113;24.95209413539282;22.574631385868518;26.182853405793853;35.45604470725442
0;-0.07525812089443207;-0.9355225563049316;-0.3451576232910156;-30.793970346450806;-18.039703369140625;-22.890981197357178;-15.738456964492798;-21.525436401367188;-6.504978656768799;-8.770150423049927;-21.323898315429688;5.648360729217529;8.022862195968628;-25.248626708984375;3.3140320777893066;20.11855673789978;-24.258331298828125;8.77018404006958;42.3992514971955;27.44737122599381;23.738748002729096;26.699106298109648;32.712980462142056
1;0.024523569270968437;-0.9941418170928955;-0.10526469349861145;-98.66477060317993;-13.9593505859375;8.66067886352539;-60.04365015029907;5.3493499755859375;-91.86889266967773;-14.953121662139893;8.41387939453125;-110.38042068481445;27.068837642669678;11.097381591796875;-98.25740814208984;71.8877501487732;-2.52294921875;-63.62743663787842;100.0230362733323;109.88061207003526;111.70598231278882;102.5202033958204;96.03470511913943
1;0.03662268817424774;-0.9886215925216675;-0.14589761197566986;-96.00358963012695;-18.166473388671875;3.725719451904297;-55.261207580566406;6.430328369140625;-90.89632034301758;-12.359309196472168;10.002777099609375;-107.47217559814453;27.78757095336914;8.924652099609375;-97.28225326538086;70.15732192993164;-1.704254150390625;-63.12395000457764;97.77827449226868;106.57059274536243;108.64196519447208;101.56591610859074;94.39061058585015
1;0.022808250039815903;-0.9897632002830505;-0.1408851444721222;-98.51573371887207;-15.651336669921875;5.259250640869141;-58.12948799133301;4.459503173828125;-93.08524322509766;-14.467469453811646;6.027984619140625;-109.4590072631836;28.52048683166504;7.319549560546875;-98.64033889770508;71.40738487243652;-6.1772613525390625;-62.99374198913574;99.8898085243256;109.83527233529082;110.57539754397109;102.94129605138353;95.42213947471338
1;-0.011232798919081688;-0.999446451663971;-0.031314533203840256;-99.80508995056152;-11.451309204101562;7.357887268066406;-60.074968338012695;-0.45477294921875;-94.68884658813477;-13.18195241689682;2.9621734619140625;-112.58283996582031;29.087594985961914;3.501312255859375;-99.16447067260742;71.82972145080566;-12.449005126953125;-60.5728816986084;100.7289777947597;112.13913816076834;113.39062657869611;103.40183563824583;94.78164700839949
1;-0.0028115028981119394;-0.999821126461029;-0.018702741712331772;-99.18848896026611;-14.514266967773438;7.411708831787109;-60.84951114654541;-2.153656005859375;-93.51120376586914;-13.319884061813354;3.2559814453125;-112.00006103515625;27.663390159606934;3.1276702880859375;-98.83319091796875;72.29696941375732;-12.716140747070312;-59.298879623413086;100.51842475705547;111.58694578985046;112.83631684201276;102.67933143326009;94.36582615812304
1;0.05244831368327141;-0.9923520684242249;-0.11174298077821732;-96.17545318603516;-21.34173583984375;2.5954246520996094;-56.97211837768555;0.67218017578125;-91.510009765625;-13.618387222290039;7.58868408203125;-107.13668060302734;27.556468963623047;7.109771728515625;-97.65180206298828;71.52116394042969;-9.559127807617188;-59.759328842163086;98.54909290968455;107.79775501342554;108.26503095306536;101.7142186811842;93.69008058221513
1;0.04297066852450371;-0.9833082556724548;-0.17680050432682037;-95.58658981323242;-21.047637939453125;-2.3538665771484375;-53.19162178039551;4.8865966796875;-92.98974227905273;-11.188791275024414;12.2080078125;-107.12715148925781;29.50897979736328;9.229827880859375;-96.81018829345703;72.20805740356445;-9.98077392578125;-60.03848075866699;97.90474913310626;107.23954319122787;108.39949765173506;101.62766438724294;94.43642609694017
1;-0.0008773768786340952;-0.9883410930633545;-0.15225328505039215;-97.55027770996094;-18.549652099609375;-2.627330780029297;-52.139960289001465;7.4688720703125;-95.53085708618164;-8.707157135009766;12.58868408203125;-108.78894805908203;31.724140167236328;7.561187744140625;-96.52362823486328;74.90697860717773;-10.50048828125;-59.220648765563965;99.33302140443898;109.08943195636232;109.86047866313248;101.88426491404203;96.06456650823519
1;-0.02675243467092514;-0.9935430288314819;-0.1102566048502922;-99.65907287597656;-14.753555297851562;-0.25174713134765625;-53.81621170043945;6.9775390625;-97.57389450073242;-7.795896530151367;10.342697143554688;-111.26787567138672;32.758216857910156;5.4144439697265625;-96.35819625854492;74.18289184570312;-12.759902954101562;-57.69718837738037;100.74552881911987;111.6491629220537;112.01913918315607;101.91819740071661;94.84135233453966
1;-0.07190582156181335;-0.9960814714431763;-0.05149028077721596;-99.8643569946289;-21.391983032226562;0.14525222778320312;-54.526790618896484;3.5015869140625;-99.63816452026367;-4.460990905761719;6.006683349609375;-117.15557861328125;33.79682540893555;-3.5420074462890625;-99.42179107666016;70.7598648071289;-25.34783935546875;-52.9934868812561;102.12995561641762;113.63624349247401;117.39425149868492;105.06885249855306;91.96619530755675
1;-0.08580058813095093;-0.992954432964325;-0.08172966539859772;-75.2345199584961;-49.423553466796875;-16.972103118896484;-48.58446502685547;-15.227951049804688;-89.60808563232422;-11.434662342071533;-19.874649047851562;-97.2037124633789;22.398006439208984;-25.140884399414062;-81.84765243530273;47.46487808227539;-38.52659606933594;-51.11772155761719;91.60225387483177;103.06284367225145;99.87149189991956;88.5029545834808;79.68835996114564
1;-0.047786641865968704;-0.9808768033981323;-0.1886720359325409;-46.0697546005249;-45.62103271484375;-27.798463821411133;-36.381836891174316;-40.75372314453125;-57.187026500701904;-18.53430461883545;-47.41331481933594;-59.59282207489014;7.433526992797852;-45.25590515136719;-51.89477425813675;25.96524715423584;-44.568756103515625;-24.502973556518555;70.54399695049702;79.0876729061432;78.37631857079509;69.25620455905138;57.10484912427894
1;0.03380361571907997;-0.9849500060081482;-0.1695016622543335;-80.0750732421875;-37.382293701171875;-25.640384674072266;-36.619455337524414;-14.58837890625;-92.39867782592773;-2.8638415336608887;-11.345703125;-98.15953826904297;32.24810028076172;-12.923080444335938;-85.52486801147461;63.11864471435547;-19.203750610351562;-50.68018256127834;92.01566477147664;100.4555671543835;98.8545472951157;92.3116949701878;83.19391956462992
1;0.07328824698925018;-0.9778491258621216;-0.1960608810186386;-87.26278495788574;-26.0743408203125;-24.113862991333008;-31.475252151489258;0.8037109375;-98.59264373779297;5.689897537231445;-0.513702392578125;-100.45365142822266;40.07417869567871;-4.64581298828125;-86.62666320800781;72.15256309509277;-12.9678955078125;-49.95292782783508;94.21328609163787;103.49805238978294;100.61597740615152;95.55994011618512;88.70994123358322
1;0.033697694540023804;-0.9861618876457214;-0.1623244434595108;-98.31893539428711;-18.189208984375;-20.237464904785156;-27.82132339477539;11.149322509765625;-103.13165283203125;16.25625991821289;7.924652099609375;-104.91856384277344;52.407379150390625;3.303680419921875;-85.70884132385254;85.16514587402344;-5.39666748046875;-39.474287033081055;102.01478013658453;107.39865568865405;106.46582144640816;100.5159349297767;94.02364292245069
1;-0.024592481553554535;-0.9975470304489136;-0.06553725898265839;-96.88569259643555;-22.713104248046875;-25.403125762939453;-15.338364124298096;10.153167724609375;-106.75852966308594;29.813255310058594;10.69879150390625;-104.53296661376953;64.40168380737305;3.1621246337890625;-78.3322925567627;88.46867752075195;-17.145919799804688;-19.53384780883789;102.70365783652191;108.33160150518225;109.22653267820164;101.45700550786393;92.20770400715429
1;-0.0444738008081913;-0.9976154565811157;-0.052777647972106934;-97.18951606750488;-18.654052734375;-22.141733169555664;-9.148029327392578;35.49440002441406;-99.64753723144531;36.92324256896973;26.208755493164062;-98.53423309326172;64.7166576385498;18.580535888671875;-74.62741088867188;92.99584007263184;2.977447509765625;-19.88702392578125;101.41021676638125;106.17518801471576;108.43993635918766;100.51235021509622;95.14507441330068
1;0.07542503625154495;-0.9907429814338684;-0.11286921054124832;-73.60065078735352;-20.601394653320312;-42.624895095825195;-2.3316650390625;23.19219970703125;-99.25739097595215;37.48216533660889;16.563186645507812;-96.32589530944824;62.476707458496094;13.023468017578125;-71.64355659484863;75.59396743774414;33.2548828125;-30.39732074737549;87.51202740146019;101.95756201703841;104.68013172203021;95.94659397612122;88.00188777788038
1;0.15163220465183258;-0.9841551184654236;-0.09190420061349869;-49.36561298370361;-43.66163635253906;-43.33241653442383;1.8112945556640625;-11.675567626953125;-97.99966049194336;38.67878818511963;-9.629592895507812;-89.63724899291992;66.38184642791748;-10.718231201171875;-67.84951782226562;82.46956157684326;7.6970977783203125;-31.98734188079834;78.87331967751183;98.70933655898564;98.1000210082612;95.52479826712714;88.78999910735917
1;0.22218944132328033;-0.9729005098342896;-0.06400332599878311;-53.65350532531738;-52.55287170410156;-22.468413829803467;-29.452850341796875;-45.49882507324219;-76.59362030029297;4.138703346252441;-26.075729370117188;-94.80066299438477;35.4438533782959;-13.270767211914062;-87.89911651611328;61.235151290893555;8.467193603515625;-64.11659622192383;78.39217166317644;93.83067806963363;98.40852723085935;95.70075594794541;89.06388174913137
1;-0.07233335077762604;-0.9948629140853882;-0.07082141935825348;-51.42278480529785;-49.95033264160156;-3.8474502563476562;-64.55589485168457;-39.89695739746094;-52.86960315704346;-36.56134033203125;-33.561767578125;-75.19633102416992;-7.01494026184082;-25.17449951171875;-85.576904296875;40.45583534240723;-19.765365600585938;-73.26254653930664;71.79234918578503;92.49013843464516;90.09779158969013;89.4783290052917;85.99270327185245
1;-0.08079514652490616;-0.9869483113288879;-0.13930238783359528;-97.39225006103516;-22.645706176757812;20.010295867919922;-74.38383865356445;13.0633544921875;-79.27638626098633;-32.03005361557007;9.814788818359375;-106.85871124267578;1.1498279571533203;11.030929565429688;-100.77537536621094;54.089195251464844;-13.158782958984375;-75.09783744812012;101.9729881925451;109.49133345625656;111.98677860627498;101.38382411217894;93.47983633542057
1;-0.11188630759716034;-0.9714623093605042;-0.2091469019651413;-104.40879249572754;0.072662353515625;0.8343696594238281;-40.7053279876709;34.17329406738281;-95.35680770874023;5.269279479980469;26.895782470703125;-106.0950813293457;38.81661415100098;11.487747192382812;-92.70866775512695;68.3003978729248;-19.498458862304688;-55.194370329380035;104.41215160584555;109.16802888392438;109.5778933144364;101.16123242939612;89.95305866762712
1;0.0165869053453207;-0.97503662109375;-0.22142376005649567;-85.18052172660828;5.450469970703125;-36.622589111328125;-1.466465711593628;26.817764282226562;-103.18853759765625;38.32141613960266;12.535110473632812;-98.2400894165039;67.42017102241516;5.118133544921875;-68.62381553649902;89.09718060493469;15.25946044921875;-21.383026123046875;92.87972296328134;106.62653184983212;106.19216118948452;96.33744241188266;92.88914108295182
1;-0.03953991085290909;-0.9666362404823303;-0.25308287143707275;-83.14260482788086;-7.607208251953125;-31.275224685668945;-8.98565673828125;51.07688903808594;-85.760009765625;34.786733627319336;44.036407470703125;-88.54284286499023;60.15379333496094;33.94343566894531;-68.21341896057129;80.62618255615234;19.246292114257812;-32.13900947570801;89.15549357214516;100.22160393761047;104.82918029822717;97.0757755770586;88.90397631042717
1;0.3029753565788269;-0.9517092704772949;-0.049552302807569504;-85.97517442703247;-49.57832336425781;13.648128509521484;-64.33606767654419;-0.264617919921875;-82.88485336303711;-32.37191438674927;22.256820678710938;-98.92801666259766;1.3831555843353271;29.192413330078125;-92.45347595214844;43.53846311569214;30.351898193359375;-68.46770858764648;100.1798990675374;104.92425145664171;106.44275169584127;96.96264915439909;86.62945580839936
1;0.4384099841117859;-0.8929319977760315;0.1023188978433609;-45.645384788513184;-46.76530456542969;30.230472564697266;-61.7058801651001;-58.64811706542969;-53.958248138427734;-51.93828296661377;-17.94720458984375;-95.71243667602539;-21.097278594970703;-0.6082305908203125;-96.50890731811523;25.06752300262451;17.784011840820312;-82.70487594604492;72.00261339058287;100.79042526171907;110.36556494021094;98.78984917643095;88.23122061885026
1;0.1999932825565338;-0.972952127456665;0.11561498790979385;-55.7379264831543;-44.75506591796875;30.282896041870117;-57.630714416503906;-65.52633666992188;-14.704439640045166;-56.48842239379883;-50.44921875;-68.36452293395996;-31.06936264038086;-31.51934814453125;-84.46500587463379;22.27215576171875;-13.061279296875;-88.38766288757324;77.63237833949154;88.49418391433592;102.02829770712398;95.3578094323563;92.0816208038962
1;-0.021045662462711334;-0.9965966939926147;-0.07970007508993149;-91.52954196929932;-29.054412841796875;28.80630874633789;-81.32460880279541;-2.052886962890625;-69.20800018310547;-47.862732887268066;0.502166748046875;-99.10660934448242;-15.139418125152588;-1.5621795654296875;-97.91510391235352;41.3152379989624;-20.094497680664062;-76.49119567871094;100.25776469820498;106.80661791834268;110.06004446047015;99.0909176480359;89.22802667496333
1;-0.1698240041732788;-0.9733883738517761;-0.15386627614498138;-96.23405647277832;-2.17559814453125;-3.2143211364746094;-38.77691459655762;38.88946533203125;-89.89883804321289;5.852038383483887;31.44549560546875;-103.01809692382812;38.77263069152832;5.588043212890625;-94.22697830200195;59.63171195983887;-28.145584106445312;-56.56820344924927;96.31229782774764;105.34628945036367;107.86933688923172;102.04541419199946;86.87966745694779
1;-0.16532300412654877;-0.9760937690734863;-0.14110009372234344;-93.21883034706116;2.270904541015625;-13.070911407470703;-14.235295534133911;48.66424560546875;-91.18287658691406;32.70281195640564;28.149673461914062;-98.73358535766602;64.26229453086853;10.487167358398438;-79.16174507141113;89.20260977745056;-12.0694580078125;-30.144271850585938;94.15814390550891;104.33201532587165;107.75063296077633;102.49978078184479;94.92868129871232
1;-0.07401308417320251;-0.9894223809242249;-0.12476164847612381;-100.78336715698242;3.718994140625;-13.26829719543457;-21.842854499816895;37.25022888183594;-96.27292251586914;25.130840301513672;22.534332275390625;-101.58200073242188;59.9556999206543;16.808441162109375;-77.92992782592773;78.5169563293457;25.96331787109375;-32.39339733123779;101.72101908348886;105.51381641375635;107.04325358545327;99.75110675190498;88.81631886516847
1;-0.09828395396471024;-0.9784629344940186;-0.18152295053005219;-103.08760070800781;3.626373291015625;-7.132175445556641;-29.021713256835938;17.677215576171875;-99.93905639648438;13.60498046875;20.847946166992188;-104.54799270629883;47.09651184082031;17.953720092773438;-85.3499755859375;74.00922393798828;11.897750854492188;-48.4841513633728;103.39763986458127;105.55831935147577;107.47099670075265;99.1213187223733;89.27281017602903
1;-0.19842809438705444;-0.9707455635070801;-0.13520105183124542;-92.34671449661255;-23.679519653320312;7.895915985107422;-69.90840911865234;15.037628173828125;-84.7204704284668;-25.26821517944336;22.374267578125;-105.00785827636719;8.730148315429688;6.0850830078125;-99.41615295410156;47.71595764160156;-35.773681640625;-65.16818428039551;95.66075903198096;110.86421440760721;110.29841724975842;99.98407469699704;88.3372014169766
1;-0.16267283260822296;-0.9783143401145935;-0.12821312248706818;-84.23217391967773;-32.52214050292969;32.7424201965332;-89.89444351196289;19.077423095703125;-57.83693504333496;-57.96304273605347;20.443984985351562;-93.9315414428711;-21.461605072021484;7.666900634765625;-97.34849548339844;33.985755920410156;-12.261749267578125;-87.10590362548828;96.04589958167648;108.58208922978459;112.25330874026231;99.98055526197098;94.30175261889622
1;0.16977374255657196;-0.9761335253715515;-0.13542594015598297;-77.86375045776367;-26.83660888671875;50.38796615600586;-95.96356964111328;-16.4766845703125;-50.355642318725586;-67.04867553710938;7.3465423583984375;-85.351806640625;-33.55143976211548;17.450286865234375;-90.98434448242188;19.854873657226562;30.10791015625;-80.43820571899414;96.5500613424269;109.61833124995928;108.78615478415877;98.53102335145944;88.153316450446
1;0.33084341883659363;-0.9275903701782227;-0.17354746162891388;-73.43151092529297;-34.66319274902344;48.66118621826172;-66.43735885620117;-52.576995849609375;-49.47926616668701;-51.7148380279541;-24.31768798828125;-83.01608276367188;-33.51962184906006;-7.9105072021484375;-89.42266464233398;10.137737274169922;23.964019775390625;-85.70508575439453;94.66591135406512;98.11452963119861;100.78414765615545;95.82564440083121;89.5679054405289
1;0.21533752977848053;-0.9652480483055115;-0.14807403087615967;-94.17145347595215;-29.887893676757812;26.405792236328125;-61.79490089416504;-28.326583862304688;-78.66919326782227;-25.683361530303955;-10.70611572265625;-103.75076675415039;8.708852767944336;0.8968353271484375;-99.50642776489258;55.16746711730957;13.22735595703125;-74.06537437438965;102.26834652928895;103.9704145381648;107.4173057539488;99.89082839113678;93.29572366926546
1;0.07455293089151382;-0.9711591601371765;-0.22647669911384583;-72.19504356384277;-39.80078125;-35.04232406616211;-20.9034366607666;-1.7110443115234375;-95.88023948669434;7.255409240722656;-6.4412384033203125;-96.36272239685059;29.53775405883789;-27.886642456054688;-71.1833815574646;42.239309310913086;-38.397430419921875;-26.480911254882812;89.5778487085587;98.1473466828958;96.8499085345529;81.95863317715722;62.92662850339838
1;0.17543372511863708;-0.973776638507843;-0.14485177397727966;-93.7160758972168;-32.97337341308594;-33.336448669433594;-11.111026763916016;10.041732788085938;-105.61125946044922;32.78769397735596;0.201629638671875;-99.37743759155273;62.87209224700928;-1.3085479736328125;-70.74431800842285;82.2988395690918;7.4743804931640625;-30.817190170288086;104.79153136442602;106.66784631723893;104.64678032852656;94.6539529644304;88.1967378544547
1;0.37391602993011475;-0.9148043394088745;-0.15270832180976868;-84.80539321899414;-50.257110595703125;-32.199758529663086;-11.459754943847656;-12.71087646484375;-101.59439086914062;26.537713050842285;6.06512451171875;-100.9249038696289;53.7661714553833;18.11749267578125;-79.11930084228516;67.04614448547363;42.934722900390625;-39.30331039428711;103.70417703171634;103.02578618942582;104.53168022377393;97.35968621353854;88.78809677456776
1;0.30551546812057495;-0.9512524604797363;-0.042178355157375336;-77.69637203216553;-57.52641296386719;-7.396496295928955;-39.73066997528076;-35.266998291015625;-91.1724762916565;-12.39936351776123;0.21954345703125;-106.2210144996643;25.27819538116455;8.146331787109375;-94.59822702407837;67.89595127105713;11.403076171875;-60.77031946182251;96.95732346195284;105.521124606857;106.94249078973712;98.25565856180025;91.83094289331517
1;0.056414682418107986;-0.9976560473442078;0.038727086037397385;-64.94954109191895;-46.67486572265625;-3.6319594383239746;-62.65840721130371;-21.235076904296875;-84.55440664291382;-21.950812816619873;-4.986297607421875;-105.95361471176147;15.837221145629883;-12.075302124023438;-95.9713225364685;59.58933448791504;-30.406402587890625;-58.05211019515991;80.06358165633416;107.36131597611957;108.31837248421185;98.01594382752685;88.57474584304768
1;-0.2664705216884613;-0.9535665512084961;-0.14037218689918518;-93.48575973510742;-25.414749145507812;-4.598443984985352;-41.62855911254883;48.23405456542969;-80.54693794250488;-2.3871822357177734;40.41072082519531;-98.90588569641113;24.333145141601562;5.1959075927734375;-96.40217018127441;53.081146240234375;-31.379165649414062;-65.72950553894043;96.98784683898478;102.69990343482098;106.86954300468373;99.56142738959844;90.12562355636778
1;-0.19767169654369354;-0.9396706223487854;-0.2791863977909088;-96.82802963256836;-4.2892608642578125;-4.3720245361328125;-34.25971603393555;56.39140319824219;-73.28842353820801;3.9570560455322266;53.682769775390625;-90.86235809326172;31.69332504272461;33.9661865234375;-84.45952606201172;65.18770980834961;10.91473388671875;-60.554725646972656;97.0215423492728;98.61496601484168;105.60997197979555;96.39284320855143;89.64063656654618
1;0.08194639533758163;-0.9536020755767822;-0.2897031605243683;-99.37434482574463;-20.973587036132812;9.659782409667969;-64.40151309967041;10.577560424804688;-87.18942070007324;-21.21776294708252;21.96368408203125;-104.15327453613281;8.759123802185059;26.292877197265625;-94.58256912231445;55.73312282562256;24.20159912109375;-67.39542865753174;102.02187588409834;108.91021419537184;108.53801859041334;98.55911943026828;90.74162321584569
1;0.08778426796197891;-0.979896605014801;-0.17915500700473785;-106.03976821899414;-24.534271240234375;15.578964233398438;-59.544997215270996;11.7337646484375;-97.67854309082031;-13.18063735961914;17.292694091796875;-115.29163360595703;17.374542236328125;19.6495361328125;-102.00539779663086;61.71857452392578;18.62109375;-66.56787252426147;109.95029347761151;114.99732912784015;117.32402673659175;105.32369233845516;92.66719606267363
1;0.0952346920967102;-0.9941428899765015;-0.05109022185206413;-100.2994499206543;-27.261566162109375;33.80447769165039;-67.45637321472168;10.959579467773438;-88.0899658203125;-27.257709503173828;7.3527069091796875;-106.32601165771484;2.3661270141601562;14.614593505859375;-99.44720840454102;47.349647521972656;10.364822387695312;-72.85454750061035;109.29737122182854;111.49133036975604;110.01029852376651;100.54318554653447;87.50544985943567
1;0.2109273374080658;-0.9478370547294617;0.23898665606975555;-78.86022567749023;-17.667633056640625;60.84025764465332;-85.39191627502441;-44.216766357421875;-48.292367935180664;-51.23372030258179;-39.80390930175781;-86.99950981140137;-20.27590560913086;-21.689498901367188;-90.7803783416748;31.617671966552734;-16.44964599609375;-82.66939735412598;101.15640069712143;107.60601559863872;108.52723160188813;95.51242747789637;90.02498149333722
1;0.26897361874580383;-0.8526694178581238;0.4478929340839386;-75.72638320922852;-11.2855224609375;58.58128356933594;-83.6860466003418;-56.06178283691406;-38.539995193481445;-51.32890319824219;-50.7540283203125;-75.24586486816406;-19.325867176055908;-34.68760681152344;-87.49110412597656;32.674434661865234;-29.911514282226562;-74.56660461425781;96.40339680632732;107.84993796920546;104.27160626954783;96.08023995390454;86.73232321820625
